ID,Target
85197,0
779677,0
1331840,0
483053,0
542945,0
924784,0
544841,0
1306157,0
525329,0
592789,0
1326689,0
1326699,0
1331844,0
1326700,0
1326701,0
1326710,0
1326711,0
1326712,0
1326713,0
784737,0
1331845,0
1326723,0
1326724,0
1326725,0
1326726,0
1326727,0
1326728,0
1331846,0
1326734,0
1331847,0
1326735,0
1326736,0
1326737,0
1326738,0
1326739,0
1326741,0
1326752,0
390522,0
1326756,0
1326757,0
1326758,0
1326759,0
1326760,0
1326761,0
1326762,0
1326765,0
1326766,0
1326767,0
1326768,0
1331849,0
1326769,0
1326770,0
1326772,0
1326777,0
1326778,0
1326779,0
1331850,0
1326780,0
1326781,0
1326782,0
1326783,0
1326784,0
1326785,0
1326789,0
1331851,0
1326790,0
1326791,0
1326792,0
1326793,0
1326794,0
1326799,0
1326800,0
1326801,0
1326802,0
1331852,0
1326803,0
1326804,0
1326805,0
1326806,0
1326807,0
1326808,0
1326809,0
1331853,0
1326810,0
1326811,0
1326812,0
1326813,0
1331854,0
1326856,0
1326857,0
1326858,0
1326859,0
1326860,0
1326861,0
1326862,0
1326863,0
1326864,0
1326885,0
1326886,0
1326887,0
1326888,0
1326889,0
1326890,0
1326908,0
1326920,0
1326921,0
1326938,0
1326939,0
1326940,0
1326941,0
1331862,0
1327007,0
1327008,0
106862,0
1327010,0
265391,0
1327012,0
1327013,0
1327014,0
1331864,0
1327015,0
1327040,0
1327041,0
1327042,0
1327043,0
1327044,0
162166,0
1327046,0
91718,0
1327048,0
1327049,0
1327050,0
1327051,0
1327196,0
1327197,0
1327198,0
1327199,0
1327200,0
1327201,0
1327294,0
1327295,0
1327296,0
1327297,0
1327298,0
1327299,0
1327300,0
1327301,0
1327302,0
472943,0
1327304,0
1327305,0
1327306,0
1327307,0
1327308,0
1327309,0
1327310,0
1331881,0
1327311,0
1327312,0
1327313,0
1327314,0
1327320,0
1327321,0
1327322,0
1327455,0
1327456,0
1327457,0
1327458,0
1331890,0
1327466,0
1327473,0
1327475,0
1327476,0
1327477,0
1327478,0
1331892,0
1327479,0
1327489,0
1327490,0
1327491,0
1327492,0
1331894,0
1327493,0
391244,0
1327535,0
1327558,0
1327559,0
1327561,0
1327562,0
1327563,0
1327564,0
1327565,0
1327566,0
1327579,0
1327580,0
1331898,0
1327581,0
1327582,0
1327583,0
1327584,0
1327585,0
1327586,0
1327587,0
1327588,0
1327589,0
1327590,0
384359,0
1327592,0
1327593,0
584695,0
1327595,0
1327596,0
1327597,0
1327598,0
1327599,0
1327600,0
1327750,0
1327751,0
1327752,0
1327753,0
1327754,0
1327927,0
1327928,0
1327929,0
1331927,0
1327930,0
1327931,0
1327932,0
1327933,0
1327934,0
1327935,0
1327936,0
1327937,0
1327938,0
1327939,0
1327940,0
1327941,0
1327942,0
1327943,0
1327944,0
1327945,0
1328085,0
1328094,0
1328095,0
1328096,0
1328097,0
1328098,0
830675,0
1328100,0
1328101,0
1328102,0
1328103,0
1328104,0
1328136,0
1331938,0
1331941,0
1328180,0
1328181,0
1328182,0
1328183,0
1328184,0
1328185,0
1328186,0
1328187,0
1328188,0
1328189,0
1328190,0
1328191,0
1328192,0
1328193,0
1328194,0
672220,0
1328196,0
1328197,0
1328198,0
1328199,0
1328200,0
1328201,0
1328202,0
1328203,0
1328204,0
1328331,0
1328332,0
1328333,0
1328334,0
1328335,0
1328336,0
1328337,0
1328338,0
1328339,0
1328340,0
1328341,0
1328342,0
1331949,0
1328343,0
1328344,0
1328345,0
1328346,0
1328347,0
1328348,0
1328349,0
1328350,0
1331950,0
1328354,0
1328355,0
1328356,0
1328357,0
47182,0
1328358,0
1328359,0
1328360,0
1328362,0
1328364,0
1328365,0
1328366,0
1328367,0
1331952,0
1328381,0
1328382,0
1328383,0
1328410,0
1328411,0
1328412,0
1328416,0
1328442,0
1328443,0
1328444,0
1328445,0
1328446,0
1328455,0
1328456,0
1328457,0
1328458,0
1331957,0
1328459,0
1331958,0
1328460,0
1328461,0
1331959,0
1328464,0
1328474,0
1328475,0
1328476,0
1331961,0
1328477,0
1328490,0
1328491,0
1328492,0
1328493,0
1328494,0
1328496,0
1328497,0
1328502,0
1328537,0
1328538,0
1328539,0
1328540,0
1328541,0
1328542,0
1328543,0
1328544,0
1328545,0
1328546,0
1328547,0
1328548,0
1328558,0
1328559,0
1328560,0
213855,0
1328562,0
1328568,0
1328569,0
688070,0
16877,0
1328579,0
1328580,0
1328583,0
1328584,0
1328585,0
1328586,0
1328590,0
1328591,0
1331965,0
1328598,0
1328600,0
1328601,0
1328626,0
1328627,0
1328628,0
1328631,0
1328632,0
1328633,0
1328634,0
1328635,0
1328636,0
1328637,0
1328638,0
1328639,0
1328640,0
1328651,0
1328652,0
1328653,0
1328654,0
1328655,0
1328657,0
1328659,0
1328660,0
1328661,0
1331967,0
1328662,0
1328663,0
1328664,0
1328665,0
1328670,0
1328671,0
1328683,0
1328684,0
1328708,0
1328709,0
1328710,0
1328711,0
1328712,0
1328713,0
1328714,0
1328715,0
1328716,0
1328717,0
1328718,0
1328723,0
1328724,0
1328725,0
1328726,0
1328727,0
1328728,0
1328729,0
1328730,0
1328731,0
1328732,0
1328733,0
1328744,0
1328745,0
1331971,0
1328746,0
1328747,0
1328748,0
1328749,0
1328750,0
945067,0
1328752,0
1328753,0
1328754,0
1328755,0
1328756,0
1328757,0
1328758,0
612084,0
1328760,0
1328761,0
1328762,0
1328772,0
1331972,0
1328773,0
1328774,0
1328775,0
1328776,0
1328777,0
1328778,0
1331973,0
1328779,0
1328780,0
1328781,0
1328782,0
1331974,0
1328783,0
1328784,0
1331975,0
1328785,0
1331980,0
1331981,0
1328862,0
451892,0
1328864,0
1328865,0
433500,0
1328887,0
1328888,0
1328889,0
1328890,0
1328897,0
1328898,0
1328903,0
987048,0
1328905,0
1328906,0
1328907,0
1328908,0
1328909,0
1328910,0
1328911,0
1328912,0
1328913,0
1328914,0
1328915,0
1328916,0
1328917,0
1328918,0
1328919,0
1328932,0
1329039,0
1331984,0
1329040,0
1329041,0
1329042,0
1329046,0
1329048,0
1329049,0
1329050,0
1329051,0
1329052,0
1329053,0
1331990,0
1329143,0
1329153,0
1329154,0
1329166,0
1329167,0
311155,0
1329225,0
800460,0
1329317,0
1329318,0
1329319,0
1329320,0
1329321,0
1329322,0
1329323,0
1329334,0
1329335,0
1329368,0
1329369,0
1329370,0
1329371,0
1329372,0
1329413,0
1332007,0
1329414,0
1329415,0
1329416,0
1329417,0
1329418,0
1329419,0
1329422,0
1329423,0
1329424,0
1329430,0
1329431,0
1329432,0
1329433,0
1329434,0
1329455,0
1329456,0
1329457,0
1329459,0
1329461,0
1329462,0
1329463,0
1329465,0
1329468,0
1329469,0
1329470,0
1329471,0
965633,0
1329473,0
1329474,0
1329475,0
1332016,0
1329476,0
1329477,0
1329478,0
1329479,0
1329529,0
1329530,0
1329651,0
1329652,0
1329654,0
1332023,0
1329673,0
1329674,0
1329675,0
1329676,0
1329677,0
1329678,0
1329679,0
1329680,0
1329681,0
1329682,0
1329683,0
1329684,0
1329685,0
1329686,0
1329747,0
1329748,0
1329749,0
1329750,0
1329751,0
1329752,0
1329753,0
1329754,0
1329755,0
1329756,0
1329757,0
1329758,0
1329759,0
1329760,0
1329761,0
1329762,0
1329763,0
1332028,0
1329765,0
1329766,0
405271,0
1332029,0
1329768,0
1332030,0
1329769,0
367296,0
1329778,0
1329779,0
1329780,0
1329781,0
1329782,0
1329783,0
1329784,0
1332031,0
1329785,0
1329786,0
1329787,0
1329788,0
1329789,0
1329790,0
1329791,0
1329792,0
1329793,0
1329794,0
1329812,0
1329813,0
1329814,0
1329815,0
1329816,0
1329830,0
1332035,0
1329831,0
1329832,0
1329833,0
1329834,0
1329835,0
1329836,0
1329837,0
1329838,0
1329839,0
1329840,0
1329841,0
1329842,0
1329843,0
1329844,0
1329845,0
1329859,0
1329860,0
1329899,0
1329917,0
1329918,0
1329919,0
1329920,0
1329921,0
1329922,0
320285,0
1329924,0
1329925,0
1329926,0
1329927,0
1329928,0
1329929,0
1329930,0
1329931,0
1332043,0
1329932,0
1329933,0
1329934,0
1329935,0
1329936,0
1329937,0
1329938,0
1329939,0
1329940,0
1329941,0
1329942,0
1330086,0
1330196,0
1330623,0
1330624,0
1330625,0
1330626,0
201801,0
1330628,0
1330629,0
1330630,0
1330631,0
1330632,0
1330633,0
1330634,0
1330635,0
1330636,0
1330637,0
1330694,0
1330695,0
1330714,0
1332093,0
1330715,0
1330716,0
1330717,0
1330718,0
1330719,0
1330720,0
1330721,0
258558,0
1330723,0
1330724,0
1330725,0
1330726,0
1330728,0
1330729,0
1330730,0
1330732,0
1330733,0
1330734,0
1330735,0
1330847,0
1330848,0
358782,0
1330850,0
1330851,0
1330852,0
1330853,0
1330854,0
1330855,0
1330856,0
1330857,0
1330858,0
1330859,0
947504,0
1330861,0
1330862,0
1330863,0
1330864,0
1330865,0
1330866,0
1330867,0
1330868,0
1330869,0
1330870,0
1330871,0
1330872,0
1330873,0
1330874,0
1330875,0
1330876,0
1330877,0
1330878,0
1332101,0
803427,0
1330880,0
1330881,0
1330882,0
389103,0
1330884,0
1330885,0
1330886,0
1330887,0
1330888,0
1330889,0
1330890,0
1330891,0
1332102,0
1330892,0
1330893,0
1330894,0
1330895,0
1330896,0
1330897,0
1330898,0
1330899,0
1330900,0
1330901,0
1330902,0
1330903,0
1330904,0
1332103,0
1330905,0
1330906,0
1331035,0
1331037,0
1331041,0
1331043,0
737986,0
1331045,0
1331046,0
1331047,0
1331048,0
1331049,0
1331050,0
848186,0
1331052,0
1331053,0
1331054,0
1331055,0
1331056,0
1331057,0
1331058,0
1331059,0
1331060,0
1331061,0
1331062,0
1331063,0
1331064,0
1331065,0
1331066,0
1331067,0
1331068,0
1331069,0
1331070,0
1331071,0
1331072,0
1331073,0
1331074,0
1331075,0
1331076,0
1331077,0
1331078,0
1331079,0
1331080,0
1331081,0
1331082,0
1331083,0
1331084,0
1331085,0
1331086,0
1331090,0
1331100,0
1331102,0
1331103,0
1331104,0
1331105,0
1331106,0
1331107,0
1331108,0
1331109,0
1331110,0
1331111,0
1331112,0
1331113,0
1331114,0
460899,0
602237,0
1331117,0
1331118,0
1331119,0
1331120,0
1331121,0
1331122,0
1331123,0
1331124,0
1331125,0
1331126,0
1332110,0
1331127,0
1331128,0
1331129,0
1331130,0
1331131,0
1331132,0
1331133,0
1331134,0
1331135,0
1331136,0
1331137,0
1331138,0
1331139,0
1331199,0
1331200,0
1332116,0
1331201,0
1331202,0
1331203,0
1331204,0
1331208,0
1331209,0
1331210,0
1331213,0
1331214,0
1331229,0
1331230,0
1331231,0
1331232,0
1331233,0
1331234,0
1331235,0
500837,0
1331259,0
1331266,0
1331267,0
1331271,0
1331298,0
1331309,0
1331388,0
1331390,0
1331391,0
1331392,0
1331393,0
1331394,0
1331395,0
1332128,0
1331396,0
1332129,0
1331397,0
1331398,0
1331399,0
1331400,0
1331401,0
1331402,0
1331403,0
1332130,0
1331404,0
1331405,0
1331406,0
1331407,0
1331408,0
404742,0
1331410,0
1331411,0
1331412,0
1332131,0
1331413,0
1331414,0
1331415,0
1331416,0
1331417,0
1331418,0
1331419,0
1331420,0
1331421,0
1331422,0
1331423,0
1332132,0
1331424,0
1331425,0
1331426,0
1331427,0
1331428,0
1331429,0
1331430,0
1331431,0
1331432,0
1331433,0
1331434,0
1331435,0
1331436,0
1331437,0
1331438,0
1331439,0
1331440,0
1331469,0
1331470,0
1331471,0
1331472,0
1331473,0
1331474,0
1331475,0
1331476,0
1331478,0
1331479,0
1331480,0
1331481,0
1331482,0
1331483,0
1331484,0
1331485,0
1331486,0
1331487,0
1331488,0
1331489,0
1331490,0
1331491,0
1331492,0
1331493,0
1331494,0
1331495,0
1331496,0
1332136,0
1331497,0
1331498,0
1331499,0
1331500,0
1331501,0
1331502,0
1331503,0
1331504,0
1331512,0
1331515,0
1331516,0
1331517,0
1331518,0
1331519,0
1331520,0
1331521,0
1332137,0
1331522,0
1331523,0
1331532,0
1331540,0
1331541,0
1331542,0
1331567,0
1331577,0
1331578,0
1331579,0
1332141,0
1331580,0
1331581,0
1331582,0
1331583,0
1331584,0
1331593,0
1332142,0
1331594,0
1331595,0
1331596,0
1331597,0
1331598,0
1331599,0
1331600,0
1331601,0
1331611,0
1331656,0
1331664,0
1331665,0
1331666,0
1331667,0
1331668,0
1331669,0
1331670,0
1331759,0
1331760,0
1331761,0
1331762,0
1331763,0
1331764,0
1331765,0
1331766,0
1331823,0
1314574,0
1314563,0
1314559,0
1314557,0
1314568,0
1314560,0
1314564,0
1314595,0
1314597,0
1314558,0
1314566,0
1314573,0
1314565,0
1317405,0
1317486,0
1317413,0
1317511,0
1317491,0
1317496,0
1317572,0
1317446,0
1317441,0
1317566,0
1317574,0
1317443,0
1317569,0
1317568,0
1317571,0
1317435,0
1317500,0
1317565,0
1317612,0
1317472,0
1317490,0
1317419,0
1317609,0
1317418,0
1317414,0
1317509,0
1317499,0
1317448,0
1317430,0
1317552,0
1317483,0
1317444,0
1317429,0
1317581,0
1317573,0
1317482,0
1317426,0
1317507,0
1317611,0
1317505,0
1317607,0
1317424,0
1317504,0
1317425,0
1317576,0
1317578,0
67943,0
1317479,0
1317570,0
1317577,0
1317434,0
1317613,0
1317423,0
1317475,0
1317549,0
1317610,0
1317567,0
1317478,0
1317406,0
1317495,0
1314509,0
1314440,0
1314469,0
1314503,0
1314528,0
1314425,0
1314513,0
1314479,0
1314475,0
1314455,0
1314491,0
1314524,0
1314514,0
1314519,0
1314532,0
1314470,0
828123,0
1314480,0
1314489,0
1314430,0
1314472,0
1314518,0
1314496,0
1314530,0
1314508,0
1314535,0
1314507,0
1314517,0
1314501,0
1314468,0
1314511,0
1314521,0
1314421,0
1314495,0
1314522,0
1314476,0
1314492,0
1314520,0
1314467,0
1314487,0
1314531,0
1314423,0
1314516,0
1314418,0
1314498,0
1314512,0
1314493,0
1314500,0
1314431,0
1314473,0
1314529,0
1314436,0
1314534,0
1314494,0
1314442,0
1314504,0
1314526,0
1314527,0
1314533,0
1298050,0
1298055,0
1298039,0
1298053,0
1298042,0
1298034,0
1297462,0
1297290,0
1297716,0
1297690,0
1297675,0
1297713,0
1297725,0
1297707,0
736439,0
1297884,0
1297882,0
1297880,0
1297881,0
1297887,0
401799,0
1297941,0
1297940,0
1298080,0
1298115,0
1298157,0
1298058,0
1298114,0
1298145,0
1298061,0
1298118,0
1298125,0
1298101,0
1298116,0
1298059,0
1298158,0
1298167,0
1298146,0
1298117,0
1298064,0
1298169,0
67121,0
869633,0
1298130,0
1298069,0
1298159,0
1298156,0
1298126,0
1298122,0
1298147,0
1298120,0
1298075,0
1298119,0
1298123,0
1298132,0
47343,0
1298150,0
1298131,0
1298089,0
1298389,0
1298384,0
1298381,0
1298396,0
1298417,0
1298423,0
1304566,0
1304693,0
1304698,0
1304694,0
1304726,0
1304720,0
1304728,0
1304731,0
1304723,0
1304737,0
1305426,0
1305425,0
1305424,0
1305465,0
1305461,0
1305467,0
1305603,0
1305559,0
1305552,0
1305550,0
1305558,0
1305541,0
1305551,0
1305554,0
1305539,0
1305606,0
1305543,0
1305544,0
1305540,0
1305548,0
1305556,0
1305549,0
1305608,0
755448,0
1307117,0
1307321,0
1307120,0
1307488,0
1307124,0
1307434,0
1307081,0
1307474,0
1307484,0
1307503,0
1307118,0
1307187,0
1307466,0
1307212,0
1307491,0
1307480,0
1307371,0
1307182,0
1307507,0
1307189,0
1307320,0
1307506,0
1307219,0
1307332,0
1307130,0
1307114,0
1307072,0
1307156,0
1307265,0
1307329,0
1307450,0
1307366,0
1307181,0
1307186,0
1307432,0
1307486,0
1307229,0
1307490,0
1307214,0
1307505,0
1307082,0
1307093,0
1307179,0
1307447,0
1307501,0
1307260,0
1307495,0
1307232,0
1307096,0
1307263,0
1307362,0
1307516,0
1307121,0
1307163,0
1307123,0
1307127,0
1307158,0
1307357,0
1307437,0
1307097,0
1307472,0
1307493,0
1307128,0
1307267,0
1307122,0
1307228,0
1307074,0
1307085,0
1307208,0
1307126,0
1307504,0
1307377,0
1307483,0
542928,0
1307494,0
1307269,0
1307184,0
1307336,0
1307340,0
1307125,0
1307498,0
1307502,0
1307077,0
1307092,0
1307095,0
1307116,0
1307262,0
1307239,0
1307322,0
1307459,0
1307215,0
1307236,0
1307478,0
1307367,0
1307479,0
810963,0
1307331,0
1307129,0
1307325,0
1307324,0
1307496,0
1307485,0
1307487,0
1307499,0
1307343,0
1305706,0
1305725,0
1305708,0
1320838,0
1305719,0
1305716,0
1305727,0
568023,0
1305736,0
1305717,0
1305712,0
1305732,0
1305714,0
1305722,0
1305710,0
1305729,0
1307587,0
1307740,0
1307750,0
1307752,0
1307751,0
1307747,0
1307802,0
1307760,0
1307761,0
1307798,0
1307753,0
1307758,0
1307801,0
1307803,0
1307762,0
256971,0
1307759,0
1307800,0
1307794,0
1307797,0
1307757,0
1307805,0
1307749,0
1307806,0
1307892,0
1307914,0
1307882,0
1307916,0
1307888,0
1307883,0
753499,0
1307898,0
1307905,0
1307900,0
1307913,0
1307918,0
1307889,0
1313687,0
1313684,0
37765,0
1313667,0
1313676,0
1313688,0
1313690,0
1313692,0
1313680,0
1313682,0
1313822,0
1313828,0
1313817,0
1313832,0
1313833,0
1313816,0
1313835,0
1313819,0
1313830,0
1313834,0
1313831,0
1313983,0
1314003,0
1314020,0
1314078,0
1314176,0
1314091,0
1314126,0
1314121,0
1314142,0
1314214,0
1314160,0
1314165,0
1314203,0
1314205,0
1314001,0
1314072,0
1314170,0
1314063,0
1314116,0
1314204,0
1314100,0
1314021,0
1314112,0
1313977,0
1314034,0
1314200,0
1313994,0
321190,0
1314187,0
1314101,0
1314166,0
1314175,0
1314139,0
1314092,0
1314094,0
1313976,0
1314143,0
1314172,0
1314074,0
1314118,0
1314146,0
1314215,0
1313981,0
1314014,0
1314124,0
1313967,0
1314032,0
1314102,0
1314129,0
1313990,0
1314120,0
1314136,0
1314019,0
1314017,0
1314117,0
1314194,0
1314119,0
1314206,0
1314153,0
1313992,0
1314038,0
1314090,0
1314181,0
1314035,0
1314089,0
1314192,0
1314103,0
1314201,0
1314144,0
1314171,0
1314029,0
1314147,0
1313995,0
1314043,0
1314169,0
1314145,0
1313997,0
1314065,0
1314010,0
1314185,0
1314086,0
1314041,0
1314114,0
1314177,0
1314042,0
1314060,0
1314069,0
1314156,0
1314127,0
1314216,0
1314115,0
1314163,0
1314009,0
1314154,0
1314209,0
1314015,0
1314064,0
1314158,0
1314028,0
1314133,0
1314198,0
1314044,0
1314135,0
1314082,0
1314132,0
1314006,0
1314018,0
1314106,0
1314173,0
1314033,0
1314113,0
1314196,0
1314088,0
930110,0
565960,0
1314128,0
1314131,0
1314068,0
1314076,0
1314197,0
1314207,0
1314084,0
1314109,0
1314005,0
1314157,0
1314210,0
1314004,0
156190,0
1314122,0
1314096,0
1314191,0
1314212,0
1314110,0
1314098,0
1314137,0
1314140,0
1313972,0
1314079,0
1314213,0
1314055,0
1314073,0
1314011,0
55427,0
1314030,0
1314168,0
1314031,0
1314130,0
1314189,0
1314008,0
1314125,0
1314134,0
1314159,0
1314161,0
1314188,0
1314162,0
1314202,0
1314022,0
1314208,0
1314083,0
1314104,0
1314105,0
1314045,0
1314193,0
1314085,0
1314097,0
1314123,0
1314298,0
1314373,0
1314302,0
1314337,0
1314372,0
1314285,0
1314275,0
1314290,0
1314370,0
1314304,0
1314331,0
1314349,0
1314377,0
1314394,0
1314301,0
1314278,0
1314336,0
1314378,0
783836,0
1314360,0
1314316,0
1314341,0
1314308,0
1314397,0
1314369,0
1314321,0
1314338,0
1314328,0
1314375,0
1314398,0
1314300,0
1314357,0
1314276,0
1314352,0
1314292,0
1314280,0
1314315,0
1314393,0
1314391,0
1314333,0
1314379,0
1314345,0
1314351,0
1314363,0
1314401,0
1314361,0
1314332,0
1314274,0
1314359,0
1314368,0
1314286,0
1314347,0
1314350,0
1314284,0
1314283,0
1314314,0
1314296,0
1314277,0
1314309,0
1314320,0
1314371,0
1314306,0
666956,0
177495,0
1314289,0
1314273,0
1314326,0
1314353,0
1314279,0
1314348,0
1314324,0
1314325,0
1314344,0
1314362,0
1314346,0
1314356,0
1314327,0
1314319,0
1314395,0
1314294,0
1314335,0
1314303,0
1314367,0
1314287,0
1314386,0
1314334,0
1314339,0
1314343,0
1314366,0
1314305,0
1314384,0
1314311,0
1314293,0
1314295,0
1314396,0
1314322,0
1314358,0
1314323,0
1314281,0
1314318,0
1317777,0
1317781,0
1317778,0
1317796,0
1317792,0
1317794,0
1317791,0
1317786,0
1317761,0
1317797,0
1317903,0
1317909,0
1317893,0
1317886,0
1317884,0
1317878,0
1317889,0
1317842,0
1317907,0
1317905,0
166929,0
1317843,0
1317882,0
1317900,0
1317904,0
1318136,0
1318105,0
1318112,0
1318028,0
1318141,0
1318012,0
1318099,0
1318100,0
1318108,0
1318101,0
1318138,0
1318080,0
1318185,0
1318079,0
1317997,0
1318082,0
1318172,0
1317988,0
1318010,0
1318190,0
1318139,0
1318117,0
1318007,0
1318009,0
1318204,0
1318182,0
1318005,0
1318127,0
1318169,0
1318103,0
1318128,0
1318199,0
1318212,0
1318097,0
1318074,0
1318078,0
1318144,0
1318037,0
1318140,0
1318071,0
1318205,0
1318187,0
1318211,0
1318017,0
1318149,0
1318131,0
1318203,0
1318179,0
1318020,0
338877,0
1318132,0
1318133,0
1318137,0
1318200,0
1318027,0
1318202,0
1318143,0
1318175,0
1318189,0
1318022,0
1318019,0
1318245,0
1318243,0
1318238,0
1318297,0
1318249,0
1318307,0
1318303,0
1318244,0
1318246,0
1318248,0
1318296,0
1318242,0
1318258,0
1318247,0
1318236,0
1318378,0
1318358,0
1318364,0
1318388,0
1318333,0
1318359,0
1318366,0
1318340,0
1318376,0
1318337,0
1318369,0
1318341,0
1318360,0
1318331,0
1318377,0
1318355,0
1318389,0
1318339,0
1318350,0
1318373,0
1318371,0
1318375,0
1318680,0
1318642,0
1318612,0
1318678,0
1318399,0
1318607,0
1318670,0
1318633,0
1318656,0
1318675,0
1318672,0
1318452,0
1318644,0
1318662,0
1318476,0
1318630,0
1318664,0
1318410,0
1318420,0
1318406,0
1318449,0
1318627,0
1318442,0
1318469,0
1318391,0
1318474,0
1318511,0
1318658,0
1318669,0
1318472,0
1318671,0
1318661,0
1318659,0
1318683,0
1318619,0
1318396,0
1318401,0
812324,0
1318617,0
1318392,0
1318512,0
1318610,0
1318635,0
1318457,0
1318398,0
1318395,0
1318666,0
1318625,0
1318623,0
1318614,0
1318436,0
316131,0
1318463,0
1318608,0
383207,0
1318665,0
1318444,0
1318445,0
1318697,0
1318705,0
1318759,0
1318743,0
1318753,0
1318698,0
1318769,0
1318688,0
1318739,0
1318755,0
1318746,0
1318716,0
1318762,0
1318747,0
1318702,0
1318775,0
1318717,0
1318695,0
1318711,0
1318750,0
1318772,0
1318719,0
1318773,0
1318707,0
1318690,0
1318709,0
1318770,0
73954,0
1318771,0
1318766,0
1318723,0
1318699,0
1318973,0
1318889,0
1318982,0
1318960,0
1318958,0
1318969,0
1318961,0
1318979,0
1318914,0
1318970,0
1318924,0
1318968,0
1318874,0
158039,0
1318978,0
1318911,0
1318967,0
1318980,0
1318907,0
1318936,0
1318964,0
1318903,0
1318976,0
1318883,0
1318871,0
1319011,0
1319012,0
1319005,0
591926,0
1319022,0
1319019,0
1318997,0
1319032,0
1319016,0
1318999,0
1319008,0
1319071,0
1319268,0
1319132,0
1319266,0
1319263,0
1319256,0
1319153,0
1319267,0
1319069,0
1319073,0
1319136,0
1319150,0
1319128,0
1319134,0
178331,0
619756,0
1319141,0
1319259,0
1319148,0
1319147,0
1319261,0
1319301,0
1319302,0
278674,0
1319308,0
1319311,0
1319314,0
1319315,0
1319317,0
1319320,0
1319326,0
1319327,0
1319338,0
1319339,0
1319340,0
1319341,0
1319345,0
1319348,0
1319353,0
1319362,0
1319364,0
1319366,0
1319369,0
1319372,0
1319375,0
1319379,0
1319380,0
1319384,0
1319385,0
1319390,0
1319393,0
1319395,0
1319400,0
1319401,0
56263,0
1319406,0
1319414,0
1319415,0
1319416,0
1319432,0
1319435,0
1319441,0
1319443,0
1319445,0
1319446,0
1319447,0
1319449,0
1319450,0
1319452,0
1319453,0
1319458,0
1319460,0
1319461,0
1319462,0
1319466,0
1319467,0
1323379,0
109153,0
1323381,0
1323382,0
1323383,0
1323384,0
1323386,0
1323387,0
1323389,0
1323391,0
459331,0
1323396,0
1323398,0
1323400,0
1323401,0
1323403,0
1323406,0
1323407,0
1323408,0
1323409,0
1323410,0
1323412,0
1323413,0
1323414,0
1323415,0
1323416,0
1323417,0
1323418,0
1323419,0
1323420,0
1323421,0
1323422,0
1323424,0
1323427,0
1323485,0
1323492,0
1323493,0
1323501,0
1323506,0
1323507,0
1323514,0
1323515,0
1323518,0
1323519,0
1323520,0
1323521,0
1323524,0
1323525,0
1323529,0
1323532,0
1323543,0
1323545,0
1323547,0
1323549,0
1323550,0
1323552,0
1323554,0
1323555,0
1323556,0
1323571,0
1323573,0
1323575,0
860070,0
1323579,0
1323581,0
1323583,0
1323584,0
1323591,0
1323592,0
1323594,0
1323595,0
1323598,0
1323600,0
1323603,0
1323605,0
1323636,0
1323638,0
1323642,0
1323643,0
1322915,0
1322962,0
1322964,0
1322967,0
1322970,0
60548,0
1322976,0
1322982,0
1322984,0
1322988,0
1322990,0
1322991,0
1323011,0
1323016,0
1323017,0
1323018,0
702282,0
1323021,0
1323024,0
1323025,0
1323026,0
1323029,0
1323030,0
1323031,0
1323032,0
1323035,0
1323036,0
1323038,0
1323039,0
1323045,0
1323046,0
1319841,0
1319845,0
1319852,0
1319861,0
1319877,0
1317562,0
1317575,0
1297475,0
1297660,0
1298418,0
1304692,0
1304733,0
1305470,0
1307183,0
1307103,0
1314182,0
1314179,0
1317804,0
1317800,0
1317892,0
1319456,0
1319457,0
1319459,0
1320988,0
1320994,0
1321001,0
44423,0
1321003,0
1321004,0
1321006,0
1321007,0
1321008,0
1321009,0
1321010,0
1321013,0
1321014,0
1321015,0
1321016,0
1321018,0
1321019,0
1321038,0
1321039,0
472677,0
1321043,0
1321044,0
1321045,0
1321046,0
1321047,0
1321048,0
1321051,0
1321053,0
1321057,0
1321060,0
1321062,0
1321063,0
606460,0
1321066,0
1321069,0
1321072,0
1321073,0
1321075,0
1321076,0
1321098,0
1321099,0
1321102,0
1321103,0
1321106,0
1321110,0
1321111,0
1321116,0
1321118,0
1321119,0
1321127,0
1321128,0
1321132,0
1321133,0
1321136,0
1321141,0
1321143,0
1321146,0
1321147,0
812111,0
1321154,0
1321157,0
1321159,0
1321211,0
1321213,0
1321216,0
79506,0
1321221,0
1321228,0
1321236,0
1321243,0
494691,0
1321253,0
1321255,0
1321258,0
1321261,0
1321262,0
1321272,0
1321282,0
1321285,0
1321287,0
1321291,0
1321292,0
1321294,0
1321297,0
1321298,0
1321299,0
1321303,0
1321314,0
1321327,0
1321334,0
1321339,0
444242,0
1321347,0
1297628,0
1321352,0
1321353,0
1321354,0
1321355,0
1321356,0
1321357,0
1321360,0
1321363,0
1321367,0
1321371,0
1321373,0
1321377,0
1321378,0
1321380,0
1321383,0
1321384,0
1321385,0
1321388,0
1321392,0
43469,0
1321397,0
1321403,0
1321406,0
1321418,0
1321419,0
1321421,0
1321426,0
1321428,0
1321429,0
1321430,0
1321431,0
1321433,0
1321435,0
1321436,0
1321437,0
1321438,0
1321439,0
1321440,0
1321441,0
1321444,0
1321445,0
1321446,0
1321447,0
110889,0
1321450,0
1321457,0
1321462,0
1321474,0
1321481,0
1321482,0
1321486,0
1321489,0
1321490,0
1321493,0
1321494,0
1321498,0
1321499,0
1321500,0
1321509,0
1321515,0
1321516,0
1321518,0
1321527,0
691941,0
1321534,0
1321535,0
1321543,0
1321544,0
1321545,0
1321546,0
519970,0
1321551,0
1321556,0
1321558,0
1321560,0
1321561,0
1321562,0
1321565,0
1321566,0
1321567,0
1321568,0
1321570,0
1321571,0
1321574,0
1321581,0
1321582,0
1321583,0
1321593,0
1321594,0
1321595,0
1321596,0
1321597,0
1321598,0
1321601,0
1321604,0
1321606,0
1321609,0
1321611,0
1321613,0
1321615,0
1321617,0
1321619,0
1321620,0
1321621,0
1321622,0
1321623,0
1321624,0
1321625,0
1321626,0
1321627,0
1321628,0
1321629,0
1321630,0
1321631,0
1321632,0
1321633,0
1321646,0
1321649,0
1321653,0
1321655,0
1321659,0
1321663,0
1321665,0
1321669,0
1321674,0
1321678,0
1321680,0
883931,0
1321683,0
1321684,0
1321685,0
1321686,0
1321687,0
1321688,0
1321689,0
1321690,0
1321691,0
1321692,0
1321693,0
1321694,0
1321696,0
1321697,0
1321703,0
1321706,0
1321709,0
1321710,0
1321711,0
1321713,0
1321714,0
1321715,0
1321716,0
1322055,0
1322059,0
1322061,0
1322062,0
1322063,0
1322064,0
1322065,0
1322069,0
1322073,0
1322078,0
1322082,0
1322085,0
1322091,0
1322355,0
1322358,0
1322364,0
1322366,0
1322371,0
1322375,0
1322378,0
1322381,0
1322384,0
1322394,0
1322396,0
1322398,0
1322461,0
1322464,0
1322466,0
1322483,0
1322506,0
1322595,0
1322597,0
1322600,0
1322611,0
1322617,0
1322621,0
773901,0
187649,0
1322631,0
1322643,0
1322645,0
1323886,0
1324091,0
1324096,0
1324099,0
1324102,0
1324106,0
1324114,0
1324119,0
1324121,0
1324131,0
1304740,0
1307169,0
1307430,0
1326333,0
1326334,0
1326335,0
1326336,0
1326337,0
1326338,0
1326339,0
66394,0
1326341,0
1326342,0
1326343,0
1326345,0
1326346,0
1326347,0
1326348,0
1326350,0
1326351,0
1326354,0
1326355,0
1326356,0
1326357,0
1326359,0
1326374,0
1326375,0
1326376,0
1326377,0
1326378,0
1326379,0
1326380,0
1326381,0
1326382,0
1326383,0
1326384,0
1326385,0
1326386,0
1326387,0
1326388,0
1326389,0
1326390,0
1326391,0
1326392,0
1326393,0
1326394,0
1326395,0
1326396,0
1326397,0
1326398,0
1326399,0
1326400,0
1326401,0
1326403,0
1326404,0
1326405,0
1326406,0
1326407,0
1326408,0
1326409,0
1326410,0
1326411,0
386453,0
860876,0
1324979,0
1324980,0
589427,0
1324982,0
220239,0
1324985,0
1324987,0
1324988,0
1324989,0
1324990,0
1324991,0
1324992,0
1324993,0
1324945,0
1324946,0
1324947,0
1324948,0
1324949,0
1324950,0
219517,0
1324952,0
1324953,0
1324954,0
1324955,0
1324956,0
1324957,0
1324958,0
1324959,0
1324960,0
1324962,0
1324963,0
1324964,0
1324965,0
1324966,0
1324967,0
1324968,0
1324969,0
1324970,0
1324971,0
1324972,0
1324973,0
1324974,0
1324975,0
1324976,0
1324977,0
1324978,0
1324907,0
1324929,0
1324937,0
1324903,0
1326445,0
1326446,0
1326448,0
1326449,0
1326450,0
1326451,0
1326507,0
1326509,0
1326511,0
1326512,0
1326513,0
1326515,0
1326516,0
1326518,0
1326519,0
1326521,0
1326522,0
1326524,0
1326526,0
1326527,0
1326528,0
320034,0
1326530,0
1326531,0
1326532,0
1326533,0
1326534,0
1326535,0
1326536,0
1326537,0
1326538,0
1326539,0
1326540,0
1326541,0
1326542,0
1326543,0
1326544,0
902667,0
1326546,0
1326547,0
1326548,0
1326549,0
1326551,0
1326553,0
1326555,0
1326556,0
1326557,0
1326558,0
1326559,0
1326560,0
1326561,0
1326562,0
1326563,0
1326565,0
1326566,0
1326567,0
1326568,0
1326569,0
1326570,0
1326571,0
1326572,0
1326574,0
16314,0
1325423,0
1313935,0
1317114,0
1305718,0
1317390,0
1316204,0
1308771,0
1304434,0
1300791,0
1314459,0
1299467,0
1305078,0
1319752,0
1323119,0
1324687,0
1317119,0
1315933,0
1310426,0
1316177,0
1313812,0
1313736,0
1312748,0
1315626,0
1301512,0
1313018,0
1311154,0
1307109,0
1302984,0
1314416,0
1322178,0
1308109,0
1308725,0
1316923,0
1302475,0
1316201,0
1298685,0
1306143,0
1315334,0
1315729,0
1311133,0
1299962,0
1300319,0
1303148,0
1324195,0
1312916,0
1325667,0
1301577,0
538960,0
1317326,0
1312603,0
1300449,0
1306900,0
1323275,0
1325074,0
1303511,0
1307361,0
1297739,0
1304448,0
1315687,0
1318985,0
1313180,0
1314190,0
1309681,0
1322015,0
1309163,0
1323385,0
1308887,0
1316533,0
1307066,0
1301017,0
1320667,0
1315636,0
1303752,0
1325533,0
1299107,0
1312398,0
1315397,0
473355,0
1303945,0
1302648,0
1307724,0
1302690,0
1314944,0
1325230,0
1301155,0
1322053,0
721550,0
1318815,0
1317914,0
1317012,0
1299842,0
1308851,0
1300249,0
259375,0
1309257,0
1300157,0
1325931,0
1322024,0
1320616,0
1323164,0
1301580,0
1301275,0
1319687,0
863023,0
1318168,0
1302023,0
1317940,0
1305703,0
1321121,0
1301446,0
1317597,0
1304258,0
1304226,0
698693,0
1317672,0
1315305,0
1307632,0
1305990,0
1297672,0
1301909,0
1312322,0
1302414,0
1302410,0
1315318,0
586773,0
1316469,0
1298819,0
1320621,0
1305440,0
1307555,0
947699,0
696066,0
389026,0
1303517,0
1301920,0
1300884,0
1303456,0
1304849,0
831529,0
45285,0
1301100,0
1325312,0
1324573,0
1324188,0
1298893,0
752120,0
1304055,0
427351,0
1308242,0
167714,0
949753,0
1303757,0
347132,0
112321,0
1299336,0
1310229,0
638743,0
1299205,0
907892,0
255955,0
1313932,0
1319710,0
1307153,0
1299507,0
1302575,0
1305800,0
1299258,0
1324490,0
1314874,0
330000,0
447071,0
1312662,0
1303076,0
1302696,0
157865,0
1306734,0
448829,0
1312631,0
1297414,0
1324920,0
1300656,0
1301085,0
1311006,0
1318094,0
1307272,0
1299047,0
206198,0
1299770,0
793496,0
768438,0
1325253,0
1299367,0
1300005,0
1325240,0
1318196,0
1322149,0
55732,0
1325359,0
1320858,0
1315737,0
1325144,0
388111,0
162053,0
1314973,0
1308660,0
1306284,0
1313746,0
311628,0
1323953,0
818634,0
627765,0
1319468,0
221227,0
1310163,0
1298910,0
1314013,0
1312934,0
150127,0
253203,0
1301551,0
818136,0
1305934,0
1324817,0
1308952,0
816124,0
1319080,0
1306230,0
1299050,0
792819,0
1313138,0
1309400,0
179401,0
791667,0
230649,0
1298812,0
945671,0
110441,0
1306938,0
1317221,0
823965,0
1320681,0
1320339,0
760633,0
1301378,0
1304248,0
1325758,0
509377,0
947841,0
799587,0
1302914,0
216118,0
1310145,0
1317270,0
1308713,0
1299268,0
1323719,0
1316728,0
695633,0
1320307,0
1315927,0
1317282,0
454603,0
1318851,0
1303064,0
1300668,0
1305999,0
1306070,0
1314722,0
1317305,0
649958,0
1314631,0
1302943,0
1312539,0
1297814,0
1300512,0
1308824,0
71007,0
61630,0
1317460,0
1323877,0
394181,0
1326297,0
1323431,0
1303442,0
1319092,0
187289,0
577994,0
80408,0
1301050,0
1307056,0
1306071,0
798877,0
99420,0
1306193,0
1306415,0
1319719,0
1303656,0
1324712,0
1315621,0
1320404,0
1312813,0
1320686,0
298776,0
1310091,0
1323251,0
1312570,0
377930,0
1309291,0
808013,0
1323305,0
1308459,0
1309489,0
248651,0
853755,0
153540,0
798926,0
766119,0
54243,0
495821,0
389942,0
666041,0
672526,0
132307,0
616618,0
31819,0
813898,0
72153,0
575405,0
1308655,0
946334,0
933868,0
535623,0
998705,0
140782,0
995357,0
829873,0
629931,0
551380,0
29662,0
293341,0
774355,0
611755,0
657338,0
794939,0
296143,0
551119,0
916476,0
121860,0
270936,0
1326552,0
